1,Respen 40 (Number 70),$37.14
2,St. Joseph Chewable Aspirin,$38.06
3,Glipizide,$27.65
4,Clotrimazole,$87.94
5,Cotz Face (For Lighter Skin Tones) SPF 40,$66.64
6,SALIX NIGRA POLLEN,$80.14
7,NAPRELAN,$33.71
8,Maximum Strength Acid Reducer,$31.09
9,Cardizem,$14.27
10,Lansoprazole,$5.67
11,Ampicillin and Sulbactam,$75.88
12,DONEPEZIL HYDROCHLORIDE,$51.65
13,Donnatal,$89.65
14,Dextroamphetamine Sulfate,$28.22
15,Scaredy Cat Antibacterial Hand,$39.77
16,Propylthiouracil,$21.11
17,Wormwood,$42.05
18,PLACENTA EX EMULSION,$49.16
19,ESIKA Perfect Match,$96.36
20,Diazepam,$38.98
21,JUNIPERUS VIRGINIANA POLLEN,$15.95
22,Adderall,$78.81
23,ALOE,$68.14
24,Ibuprofen,$53.85
25,Gnaphalium Stannum,$50.67
26,Antisepation,$86.43
27,Naturals by Safety 1st,$63.88
28,Allopurinol,$34.09
29,Calcium Acetate,$97.76
30,Red Maple,$76.78
31,povidine iodine,$77.26
32,TRICOR,$42.04
33,Aquaphor,$43.40
34,Carvedilol,$87.68
35,LMD in Sodium Chloride,$33.36
36,Systane Lubricant,$50.41
37,Dicyclomine Hydrochloride,$77.86
38,amlodipine besylate,$16.36
39,Aspirin,$4.36
40,CVP,$59.14
41,Cactus Grandiflorus Kit Refill,$14.18
42,Desert Bambu,$49.08
43,Lamotrigine,$61.26
44,WU YANG BRAND MEDICATED PLASTER,$37.64
45,Omega 3 Targeted Relief,$22.65
46,Clear Defense,$8.89
47,sodium bicarbonate,$4.32
48,Marcaine,$19.25
49,Red Alder,$88.62
50,Hang Over RELIEF,$7.59
51,SMART SENSE,$56.81
52,Nystatin and Triamcinolone Acetonide,$69.79
53,Methylphenidate Hydrochloride,$53.16
54,Clonazepam,$56.21
55,"Pollens - Trees, Pecan Carya Carya illinoensis",$25.61
56,PROMETHEGAN,$4.31
57,Lyrica,$37.42
58,Oxycodone hydrochloride,$80.88
59,LOreal Paris Skin Expertise Age Perfect Broad Spectrum SPF 20 Sunscreen BB,$74.61
60,Nitronal,$62.04
61,Mojito Sun,$43.02
62,Propranolol Hydrochloride,$9.54
63,Simvastatin,$45.44
64,SEROQUEL,$76.34
65,Warm Sap Patch,$73.86
66,Isopropyl Rubbing Alcohol,$31.10
67,Xylocaine,$37.70
68,HYDROXYZINE HYDROCHLORIDE,$38.78
69,Metoprolol Tartrate,$66.85
70,Megace ES,$97.15
71,NU-DERM TRAVEL SET NORMAL/DRY,$37.79
72,Rozerem,$80.48
73,Glimepiride,$30.33
74,Hazelnut,$8.77
75,Fluoxetine Hydrochloride,$44.89
76,METFORMIN HYDROCHLORIDE,$65.41
77,Bac,$7.21
78,Warfarin Sodium,$44.99
79,Intervene Makeup Broad Spectrum Sunscreen SPF 15 Soft Cream,$38.35
80,ELCURE C Serum,$52.65
81,Mecamylamine Hydrochloride,$98.38
82,I.C. Barrier,$27.02
83,Ceramide Lift And Firm Makeup Broad Spectrum Sunscreen SPF 15 Cognac,$8.07
84,Zohydro,$55.23
85,Bupropion Hydrochloride,$52.48
86,Heparin Sodium,$87.23
87,Warfarin Sodium,$41.93
88,Griseofulvin,$7.20
89,allergy and congestion relief,$17.12
90,SOLIE TONER,$95.68
91,simply right Night Time,$99.98
92,Mepivacaine Hydrochloride and Levonordefrin,$49.25
93,Clindamycin Hydrochloride,$86.62
94,Miconole,$51.89
95,Bacitracin,$36.57
96,DUAC,$23.97
97,Witch Hazel,$58.52
98,flormar Foundation Sunscreen Broad Spectrum SPF 20 LF22 PURE BEIGE,$51.95
99,Ceftazidime,$74.62
100,Conju Princess BB,$43.77
101,Lisinopril,$35.58
102,Aterra Antibacterial Foaming Hand Wash,$43.16
103,First Aid Eye Wash,$33.93
104,care one nicotine,$64.70
105,Nicotiana Carbo,$11.50
106,"Piperacillin, Tazobactam",$20.41
107,Ibuprofen,$64.56
108,triple antibiotic,$57.83
109,Glimepiride,$69.73
110,CD - Dior Multi-perfection Tinted Moisturizer Natural Radiance 1 - SPF 20,$91.18
111,good neighbor pharmacy all day allergy,$34.49
112,Lady Speed INVISIBLE DRY antiperspirant deodorant,$33.46
113,SENSAI TRIPLE TOUCH COMPACT TC02,$93.36
114,Venlafaxine Hydrochloride,$70.01
115,Isosorbide Mononitrate,$68.56
116,Hemorrhoidal,$99.51
117,CARBIDOPA AND LEVODOPA,$9.83
118,Marjoram Melissa Adult Size,$42.84
119,meloxicam,$14.54
120,Benztropine Mesylate,$36.50
121,CIMETIDINE,$71.39
122,Tikosyn,$94.97
123,HYDROCODONE BITARTRATE AND ACETAMINOPHEN,$43.92
124,CVS day time cough and severe cold,$55.50
125,Propranolol Hydrochloride,$7.03
126,CPDA-1,$3.62
127,Non-Drowsy Nasal Decongestant,$71.43
128,Neutrogena Healthy Skin Makeup,$76.39
129,Nose,$74.71
130,Magnesium Citrate,$78.03
131,Spironolactone,$4.53
132,Olive Leaf Antibacterial Creamy Hand Wash,$39.38
133,Amoxicillin,$37.02
134,Diabetic Siltussin DM DAS-Na,$69.27
135,Natrum Muriaticum,$58.96
136,pain relief,$63.27
137,Natural Honey Lemon with Echinacea Cough Suppressant Throat Drops,$98.37
138,PROPAFENONE HYDROCHLORIDE,$31.60
139,Tomato,$53.02
140,Famotidine,$67.90
141,Salicylic Acid,$18.19
142,4 in 1 Pressed Mineral SPF 15 Tan,$92.74
143,DIORSNOW WHITE REVEAL PERFECTING MAKEUP UV BASE SPF 35 BLEU CRISTAL,$7.50
144,DILTZAC,$55.38
145,Head and Shoulders,$98.45
146,GENGRAF,$20.28
147,Metformin Hydrochloride,$36.34
148,Hydromorphone Hydrochloride,$54.00
149,Tamoxifen Citrate,$99.65
150,Aches - Pains,$88.44
151,RUE21 Cherry Antibacterial Hand Sanitizer,$54.34
152,Pulsatilla Tormentilla PMS Relief,$62.10
153,Pioglitazone Hydrochloride,$30.80
154,ANNUAL SALTBUSH POLLEN,$87.10
155,Voriconazole,$42.63
156,Chloraseptic Warming Sore Throat,$68.98
157,Ariel Sun Smacker SPF 24 Strawberry Kiwi,$12.07
158,bareMinerals Ready SPF 15,$42.81
159,ELF Mineral Moisturizing Lip Tint SPF 8,$72.43
160,Creamy Petroleum Jelly,$80.07
161,Lorazepam,$99.27
162,Topcare Cough DM,$94.38
163,Air,$52.87
164,Oxcarbazepine,$98.79
165,DELFLEX,$33.03
166,Lamotrigine,$27.15
167,Dawn Ultra Antibacterial Hand,$32.06
168,Fluconazole,$61.21
169,Ultram,$15.24
170,Theraflu,$88.65
171,Allergy Time,$15.73
172,Visicol,$82.40
173,Quality Choice Mucus Relief DM,$74.36
174,Hand Cleanse,$57.84
175,Oxycodone and Acetaminophen,$4.51
176,Dexamethasone Sodium Phosphate,$84.17
177,Ibuprofen,$41.26
178,Gabapentin,$48.04
179,Cenestin,$75.73
180,String Beans,$89.82
181,Ipratropium Bromide,$76.27
182,Secura Protective,$31.93
183,Anti-Bacterial Gentle Foaming Hand,$35.09
184,"Dextroamphetamine Saccharate, Amphetamine Aspartate, Dextroamphetamine Sulfate and Amphetamine Sulfate",$33.92
185,Box Elder,$92.64
186,Mesquite,$53.12
187,Norco,$59.33
188,Diltiazem Hydrochloride,$18.93
189,Galena Larix Special Order,$27.48
190,Mountain Cedar,$35.64
191,Ciprofloxacin,$70.66
192,Hot Spot,$66.99
193,PEG-Phen Lubricant Eye Drops,$68.07
194,VIMOVO,$25.93
195,Alcohol,$8.84
196,advanced firming and anti wrinkle,$96.15
197,Nitrogen,$68.61
198,Famotidine - Acid Controller,$21.35
199,Diazepam,$52.40
200,Bull Frog Marathon Mist 36,$32.01
201,Enteric Coated Aspirin,$8.23
202,IPECACUANHA,$87.56
203,Potassium Chloride,$9.10
204,Dandruff,$29.04
205,Meperidine Hydrochloride,$78.64
206,Triamterene hydrochlorothiazide,$27.38
207,Valtrum Soothing Topical Analgesic,$56.67
208,Lysol,$88.17
209,Cyanocobalamin,$21.42
210,Coppertone water BABIES,$20.73
211,CHAETOMIUM GLOBOSUM,$63.71
212,Terbutaline Sulfate,$24.18
213,doxazosin,$6.41
214,Lithium Carbonate,$39.48
215,RITE AID RENEWAL,$17.98
216,GENTAMICIN SULFATE,$69.23
217,Hemmorrhoids,$90.10
218,Effervescent Cold Relief,$78.99
219,RISPERDAL,$45.59
220,Hylatopic Emollient,$28.58
221,ATACAND HCT,$95.94
222,Lambs Quarters Pollen,$83.42
223,Nifedipine,$52.05
224,Antibacterial,$49.35
225,Advanced Antiseptic,$76.77
226,Levothyroxine Sodium,$9.44
227,bareMinerals Advanced Protection SPF 20 Moisturizer,$65.66
228,Levetiracetam,$51.28
229,ALLERGY EYE DROPS,$18.27
230,999 GANMAOLING,$31.18
231,Claritose,$45.25
232,Betula Spiraea,$95.37
233,Topiramate,$40.50
234,Antispetic,$85.09
235,NON ASPIRIN PM,$14.29
236,XANTHIUM STRUMARIUM VAR CANADENSE POLLEN,$93.12
237,NA-ZONE,$7.21
238,Allergy Multi-Symptom,$71.29
239,FAMILY CARE THERA FLEX PAIN,$16.14
240,FACE IT 4D PERFECTION ROLLER FOUNDATION 21,$79.22
241,ARTEMISIA ANNUA POLLEN,$35.23
242,IPOL,$17.82
243,ck one airlight pressed powder spf 15,$20.72
244,Furosemide,$10.47
245,Perfecting Liquid Foundation Porcelain,$21.19
246,flormar REBORN FOUNDATION SUNSCREEN BROAD SPECTRUM SPF 20 SF16 Beige,$40.34
247,Sodium Sulfacetamide,$66.05
248,spironolactone,$78.52
249,Candin,$37.13
250,RU-HIST PLUS,$32.50
251,HYDROCODONE BITARTRATE AND ACETAMINOPHEN,$77.77
252,Topiramate,$6.71
253,Paper Mulberry,$65.38
254,ZHENG GU SHUI,$86.34
255,Ulta Fresh Spice Anti-Bacterial Deep Cleansing,$64.41
256,Liqufruta,$19.86
257,Lisinopril,$63.52
258,TINTED MOISTURIZER,$32.61
259,Nighttime Sleep Aid,$35.68
260,Naropin,$50.05
261,PURE SELECT Purifying Anti-Aging,$59.44
262,Cough Multi Symptom,$71.87
263,Dexamethasone,$45.61
264,Ranitidine,$55.27
265,Hydromorphone HCl,$10.14
266,Theraprofen-800,$65.70
267,Allopurinol,$91.78
268,CEFTRIAXONE,$13.56
269,Sertraline Hydrochloride,$19.05
270,Dover Sudanyl PE,$97.82
271,leader milk of magnesia,$70.12
272,Fenofibrate,$27.87
273,SENSORCAINE,$34.53
274,Face Lift Broad Spectrum SPF 20,$95.52
275,Levetiracetam,$51.06
276,Instant Hand Sanitizer - Original,$98.10
277,Doxycycline,$31.62
278,Methimazole,$19.25
279,Lamotrigine,$24.11
280,Hello,$62.09
281,Amoxicillin,$94.87
282,Pilocarpine Hydrochloride,$29.25
283,Deb InstantFoam Alcohol Sanitizer,$23.58
284,Aspirin 81 mg,$21.31
285,BP Wash,$73.12
286,Be gone Insomnia,$35.62
287,Albuterol Sulfate,$98.31
288,Terbutaline Sulfate,$19.90
289,Docusate Sodium,$7.56
290,Dextroamphetamine Sulfate,$38.04
291,Ursodiol,$95.35
292,Treatment Set TS331046,$65.56
293,Aunt Bees SPF 35,$4.74
294,West Sycamore,$74.95
295,good neighbor pharmacy nicotine,$59.98
296,VITALUMIERE AQUA,$96.04
297,MDSolarSciences SPF30 Plus Mineral Screen,$36.64
298,Ceftriaxone Sodium,$9.47
299,Amoxicillin and Clavulanate Potassium,$64.36
300,Box Elder,$12.15
301,Dialyvite Supreme D,$5.84
302,Thiola,$34.56
303,Rifampin,$21.74
304,Dry Scalp Care,$59.91
305,Afinitor,$52.22
306,Homeopathic Hemorrhoid,$64.84
307,Midazolam,$27.16
308,Top White,$58.66
309,AMRIX,$26.29
310,Lupaneta Pack,$43.08
311,Dr.Jart CC Essence Balm 02 Medium - Deep,$13.08
312,RITE AID RENEWAL,$89.45
313,GONGJINHYANG SEOL WHITENING JINAEK PROGRAM,$61.58
314,Banana Boat Sport Performance,$4.25
315,Amoxicillin and Clavulanate Potassium,$81.29
316,Novolin,$95.83
317,Candida tropicalis,$90.20
318,Lenscale Quailbrush,$66.32
319,Perfect Sleep,$51.69
320,Oxacillin,$39.21
321,REPAIRWEAR,$31.05
322,DHEA,$24.76
323,Spatheraphy,$33.07
324,DELFLEX,$36.21
325,Gabapentin,$75.81
326,Meperidine Hydrochloride,$74.50
327,Sebum Clearing Masque,$79.70
328,Diethylpropion HCl,$66.91
329,risperidone,$55.05
330,mucus relief,$27.80
331,MakeSense,$70.25
332,Savella,$27.47
333,biochemistry PAIN RELIEF FOOT ACTIVE,$39.61
334,Sinus Rescue,$75.94
335,Propranolol Hydrochloride,$40.36
336,Cough DM,$82.86
337,Motion Sickness,$82.68
338,7 select ibuprofen,$99.62
339,ENALAPRIL MALEATE,$4.44
340,Secret Outlast and Olay Smooth,$14.73
341,Mirtazapine,$29.57
342,Benazepril Hydrochloride,$72.86
343,Acetaminophen PM Rapid Release,$18.15
344,White Potato,$57.56
345,BETTER THAN NATURE EMULSION,$44.72
346,Ketorolac Tromethamine,$72.28
347,Epstein Barr Virus Remedy,$36.03
348,HOUSE DUST,$48.00
349,Met-Tox,$76.78
350,LEADER Mild Iodine,$75.50
351,Naproxen,$51.03
352,Birch,$23.30
353,Tizanidine Hydrochloride,$36.47
354,Rayito de Sol Sunscreen SPF 18,$32.63
355,dg health miconazole 3,$59.65
356,Clean and Clear Blackhead Eraser Scrub,$58.50
357,Arnica Carbo Special Order,$18.23
358,Childrens Allergy Relief,$86.36
359,Viscum Mali 4,$18.70
360,Organix Complete,$80.35
361,Mucus Relief Cold and Sinus,$40.00
362,Gabapentin,$89.95
363,Bacitracin,$62.75
364,CALM N RESTFUL 4 KIDS,$18.46
365,White Birch,$31.97
366,Ciprofloxacin,$27.19
367,Doll Lash,$91.63
368,Simvastatin,$43.58
369,Gyne-Lotrimin 7,$17.19
370,Leader Childrens Cold and Allergy,$16.66
371,Divalproex Sodium,$10.04
372,Pravastatin Sodium,$43.28
373,Allergy Relief,$21.06
374,Amoxicillin,$74.42
375,diltiazem hydrochloride,$41.94
376,Mixture of Standardized and Non-Standardized Coastal Grasses,$16.25
377,Ciprofloxacin,$93.12
378,VFEND,$88.93
379,Antibacterial,$35.43
380,AMOREPACIFIC,$32.69
381,LBEL EFFET PARFAIT MINERAL NATURAL SKIN EFFECT MOUSSE FOUNDATION SPF 16,$40.30
382,OXCARBAZEPINE,$71.84
383,Sudogest PE,$26.93
384,NOTUSS,$94.72
385,Simvastatin,$58.21
386,Alert,$81.67
387,RISPERDAL,$32.25
388,12 Hour Nasal,$40.38
389,Desipramine Hydrochloride,$51.47
390,Childrens Pain and Fever,$40.25
391,Sulfamethoxazole and Trimethoprim,$9.08
392,Mushroom,$87.96
393,Enoxaparin Sodium,$99.00
394,Tolnaftate,$27.11
395,Good Sense Sinus,$46.43
396,Carvedilol,$76.51
397,White Alder,$77.02
398,Lymphapar,$38.25
399,Pain Relief PM,$56.00
400,LBEL Couleur Luxe Rouge Amplifier XP amplifying SPF 15,$44.61
401,Apis regina Cerebri,$44.20
402,Moexipril Hydrochloride,$9.65
403,CPDA-1,$60.78
404,Methadone Hydrochloride,$89.59
405,Medique Medi-Meclizine,$65.90
406,Meropenem,$25.04
407,Recovery,$4.62
408,SPRYCEL,$12.13
409,WELLBUTRIN,$35.85
410,nizatidine,$89.17
411,Primidone,$71.39
412,Bupropion Hydrochloride,$6.33
413,acetaminophen,$69.70
414,Pioglitazone,$78.67
415,Aricept,$3.70
416,Fentanyl buccal,$36.92
417,Allergena,$50.46
418,Isopto Homatropine,$15.57
419,Ibuprofen,$87.22
420,Lisinopril and Hydrochlorothiazide,$76.33
421,Mucinex,$48.46
422,Leader nite time,$57.90
423,Acetaminophen and Codeine Phosphate,$27.12
424,Ciclopirox,$8.60
425,enema,$55.56
426,Ibuprofen,$6.93
427,Citalopram,$18.16
428,ACYCLOVIR,$95.07
429,Kelnor 1/35,$59.38
430,Chlordiazepoxide Hydrochloride,$13.11
431,Thiamine Hydrochloride,$25.46
432,Bacitracin Zinc,$63.87
433,Paclitaxel,$11.17
434,Type 3 Sinus Regular,$20.57
435,Terrasil Boil Pain Relief,$98.66
436,Comfortcaine,$91.56
437,Ropinirole Hydrochloride,$25.96
438,Level Anticavity,$57.82
439,Ibuprofen,$83.40
440,Venoforce,$52.00
441,Aire-Master,$44.61
442,healthy accents cough and sore throat,$91.16
443,Midazolam Hydrochloride,$94.56
444,Oxcarbazepine,$55.89
445,PNEUMO HP,$53.74
446,MEDI-FIRST PLUS Ibuprofen,$20.15
447,CONDITION AND ENHANCE SYSTEM,$72.79
448,DOXOrubicin Hydrochloride,$74.52
449,Natural Cherry Honey Herb Throat Drops,$54.14
450,RISPERIDONE,$58.78
451,Saltgrass,$89.28
452,Levofloxacin,$17.73
453,HOUSE DUST,$71.91
454,CARYA ILLINOINENSIS POLLEN,$90.22
455,Antibacterial Hand Icy Mint,$45.12
456,Chloroquine phosphate,$29.50
457,Everyday Clean,$71.83
458,Topical 60 Sec Sodium Fluoride,$35.32
459,Mommy Tillia,$88.38
460,Bacti-Free tm,$54.64
461,DR. LIN SKINCARE ACNE,$50.01
462,SoftSoap Antibacterial with moisturizers Crisp Clean,$32.87
463,ESTRADIOL VALERATE,$75.19
464,Black Walnut,$23.54
465,Childrens SUDAFED PE Cold and Cough,$18.37
466,Olay Moisturizer,$46.06
467,Clonidine Hydrochloride,$68.65
468,Loperamide Hydrochloride,$6.75
469,PIMTREA,$96.08
470,Clarithromycin,$15.97
471,ARANESP,$94.96
472,Glucagon,$16.84
473,Pleo Fort,$28.45
474,Pleo San Cand,$64.96
475,symmetry Hand Sanitizer with Aloe and Vitamin E,$44.74
476,Laxative,$98.91
477,Metformin Hydrochloride,$95.86
478,phenol,$98.75
479,POISON OAK AND IVY RELIEF,$57.77
480,Antiseptic,$26.46
481,Acetic Acid,$96.15
482,3 CONCEPT EYES LIQUID FOUNDATION LACE BEIGE,$85.85
483,Risedronate Sodium,$36.74
484,Plum Duo Emergency Eyewash,$15.56
485,Ciprofloxacin,$23.92
486,Bodycology,$93.58
487,hydrocortisone,$3.28
488,CD DIORSKIN NUDE SKIN-GLOWING MAKEUP SUNSCREEN BROAD SPECTRUM SPF 15 050 Dark Beige,$45.08
489,CHLORDIAZE-POXIDE HCL,$31.21
490,Oxygen,$81.95
491,Warfarin Sodium,$86.65
492,RISPERDAL,$20.92
493,Leader allergy,$59.93
494,Childrens Cetirizine Hydrochloride,$21.53
495,Celontin,$77.29
496,ARANESP,$28.43
497,Nabumetone,$91.97
498,Fluvoxamine Maleate,$27.00
499,LESCOL XL,$86.53
500,simple pleasures,$85.49
501,Neutrogena Wet Skin Swim-Humidity-Sweat Sunblock,$61.27
502,Normosol-R,$9.79
503,ZENPEP,$11.40
504,omeprazole,$11.91
505,Allergena,$83.55
506,Cepacol,$32.62
507,Tobramycin Sulfate,$48.15
508,CEPROTIN,$63.24
509,SHISEIDO THE MAKEUP PERFECT SMOOTHING COMPACT FOUNDATION (Refill),$64.92
510,Fycompa,$49.17
511,"Food - Plant Source, Yeast, Brewer Saccharomyces cerevisiae",$59.02
512,Sodum Chloride,$19.34
513,Equaline Night Time Sleep Aid,$97.88
514,Nystatin,$76.42
515,Cuprum Metallicum,$47.31
516,Nisoldipine,$58.62
517,Potassium Chloride,$32.06
518,Muscle Rub,$55.92
519,Green Bell Pepper,$17.23
520,Dove,$5.05
521,PureFe Plus,$15.39
522,AZITHROMYCIN,$32.09
523,Ipratropium Bromide,$78.34
524,Levofloxacin,$20.84
525,temazepam,$62.80
526,StyeGone,$4.55
527,Doxazosin,$63.07
528,PCxx,$83.91
529,PROPECIA,$12.00
530,levocetirizine dihydrochloride,$31.04
531,Good Neighbor Pharmacy,$67.44
532,Allergen,$44.49
533,LISINOPRIL,$73.81
534,Levisticum e rad. 3,$17.76
535,chlorpromazine hydrochloride,$46.48
536,Equate Tussin DM,$13.74
537,Renewal Anti-Wrinkle,$30.52
538,Liver comp.,$60.41
539,OPTIMARK,$28.31
540,IBANDRONATE SODIUM,$11.70
541,Wheat Stem Rust,$67.49
542,Trifluoperazine Hydrochloride,$53.83
543,Relpax,$98.60
544,JANUVIA,$10.94
545,Phendimetrazine Tartrate,$66.31
546,By Nature Daily Face Sunscreen,$99.93
547,complete,$57.70
548,Detoxifier,$96.88
549,Femring,$93.92
550,SENSORCAINE,$4.60
551,Folic Acid,$10.34
552,being well nasal,$40.09
553,Clear,$65.47
554,amoxicillin and clavulanate potassium,$73.40
555,Gabapentin,$47.05
556,Vicks DayQuil and Vicks NyQuil,$77.96
557,sunmark tension headache,$57.77
558,Lovenox,$67.07
559,Source Antibacterial Foaming Hand Original,$37.85
560,LANOXIN,$89.20
561,Carvedilol,$78.10
562,Geodon,$24.44
563,galantamine hydrobromide,$8.41
564,ZYPREXA,$97.97
565,Antibactierial Hand Sanitizer,$37.51
566,OXYGEN,$87.28
567,Tilia Fe,$38.77
568,Azilect,$35.73
569,Allscale,$75.48
570,Meperidine Hydrochloride,$45.35
571,Hemabate,$13.68
572,Levetiracetam,$54.36
573,Stool Softener,$21.53
574,ISOSORBIDE DINITRATE,$29.34
575,Niravam,$87.52
576,Levothyroxine Sodium,$99.24
577,Ibuprofen,$64.89
578,Professional Therapy,$9.28
579,Clear Pore Clarifier,$62.73
580,Bumooly-S,$97.71
581,Ketorolac Tromethamine,$17.41
582,exchange select antacid,$4.41
583,"Pollens - Trees, Russian Olive Elaeagnus angustifolia",$11.15
584,Chlorpromazine Hydrochloride,$34.54
585,Antiseptic Mouth Rinse,$56.16
586,Solodyn,$96.61
587,Nighttime Cold Multi Symptom,$92.66
588,Multitrace-5,$91.63
589,Prejudiced,$78.14
590,Levofloxacin,$63.09
591,Doribax,$89.30
592,POPULUS ALBA POLLEN,$67.17
593,Foam Hand Sanitizer,$91.75
594,Good Neighbor Pharmacy Nicotine,$93.76
595,flormar Soft Touch Foundation Sunscreen Broad Spectrum SPF 20 ST06 Honey,$67.03
596,Topcare Cold and Cough,$59.73
597,First Degree,$50.86
598,Metoprolol Tartrate,$60.93
599,Spatheraphy,$78.90
600,Diluent for Allergenic Extract - Sterile Buffered Saline with Phenol,$66.10
601,CVS Homeopathic SKIN TAG REMOVER,$38.28
602,Minocycline Hydrochloride,$72.90
603,"Pollens - Trees, Linden (Basswood) Tilia americana",$70.83
604,Montelukast Sodium,$28.99
605,Polocaine,$33.42
606,ADSOL Red Cell Preservation Solution System in Plastic Container (PL 146 Plastic),$55.50
607,Ropinirole Hydrochloride,$5.07
608,Paroxetine,$22.18
609,Stemphylium,$4.74
610,Adipex-P,$67.12
611,Theraflu,$80.35
612,Antibacterial Foaming,$95.43
613,CLINIMIX,$63.61
614,Ibuprofen,$16.89
615,Zicam Ultra Cold Remedy,$55.18
616,Rejuvaderm Medispa sunscreen,$56.61
617,Dr. Scholls,$71.15
618,ReCreate Foundation,$92.37
619,Oxygen,$20.91
620,Doxycycline,$20.58
621,Nite Time Sleep Aid LiquidGels,$71.22
622,Zithromax,$91.61
623,SKELAXIN,$78.96
624,OP Protective Gel 15,$79.29
625,Buprenorphine hydrochloride and naloxone hydrochloride dihydrate,$78.06
626,CPDA-1,$44.17
627,Ivy Block,$92.30
628,Tomato,$32.04
629,AMARANTHUS RETROFLEXUS POLLEN,$81.23
630,Fluticasone Propionate,$89.36
631,Pacific Anti-bacterial Hand Cleanse Peach Essence,$30.46
632,metformin hydrochloride,$35.13
633,Fenofibric Acid,$93.04
634,Salt Cedar Pollen,$75.61
635,Diaper Rash,$13.59
636,SUMATRIPTAN,$29.41
637,Olay Blackhead Clearing Scrub,$25.54
638,Acetaminophen PM,$27.22
639,Ropinirole Hydrochloride,$19.87
640,ShopRite Childrens Allergy,$99.99
641,Denti-Care Denti-Pro,$61.59
642,Aveeno Positively Ageless,$19.55
643,OBAGI-C RX SYSTEM NORMAL-DRY,$3.73
644,ENDOCET,$14.79
645,Prunus spinosa e summ 10%,$26.33
646,Proactiv,$25.72
647,CareOne Childrens Mucus Relief,$35.91
648,Equaline milk of magnesia,$99.88
649,CALMING DYNAMICS,$18.09
650,Mapap,$94.77
651,Nabumetone,$55.56
652,Cyclosporine,$67.29
653,Labetalol HCl,$36.97
654,Simcor,$85.65
655,Colds Dry Cough,$70.87
656,Honey Apple Antibacterial Foaming Hand Wash,$68.88
657,Linkus Lozenges,$83.76
658,Anti-Bacterial Hand Gel Sweet Pea,$63.39
659,SUCRALFATE,$4.85
660,Haloperidol,$16.67
661,"Pollens - Trees, Gum, Sweet Liquidambar styraciflua",$58.24
662,Glytone Acne,$92.50
663,Naproxen Sodium,$8.30
664,daytime cold and flu,$67.19
665,Renagel,$95.26
666,FACE IT HD PERFECT BB SPF30 PA 01,$18.30
667,Lisinopril,$12.94
668,Meprobamate,$59.50
669,Vamousse Lice Treatment,$5.84
670,Pleo Cerivi,$87.01
671,Alcohol Prep pad,$52.53
672,Candida Alb,$86.76
673,Nevirapine,$67.58
674,FLOVENT,$57.71
675,Desitin Soothing Rash Bath Treatment,$13.08
676,NARS PURE SHEER SPF LIP TREATMENT,$93.26
677,Pleo Zinc,$44.51
678,IOPE S.S. CONDITIONING COLOR BASE No.40,$87.62
679,Dental plus Whitening,$70.92
680,Sulfamethoxazole and Trimethoprim,$79.48
681,Isosorbide Mononitrate,$59.43
682,Topcare Allergy,$92.09
683,Gilotrif,$41.48
684,LEUPROLIDE ACETATE,$9.02
685,pioglitazone hydrochloride,$51.34
686,CLINIQUE REDNESS SOLUTIONS,$90.02
687,Enalapril maleate and hydrochlorothiazide,$12.93
688,SOTALOL HYDROCHLORIDE,$87.73
689,Fentanyl Citrate,$68.78
690,Quflora Pediatric,$57.95
691,ZINACEF,$34.51
692,Xylocaine,$52.76
693,nicotine,$63.08
694,Sodium Fluoride,$52.41
695,PRAVASTATIN SODIUM,$3.04
696,Crest Sensi-Namel,$74.38
697,Zyprexa,$41.74
698,bareMinerals 5-in-1 BB Advanced Performance Eyeshadow Broad Spectrum SPF 15,$25.28
699,Theophylline,$14.43
700,Ursodiol,$21.33
701,Promethazine with Codeine,$24.66
702,Sheer Cover Mineral Foundation,$9.47
703,restorsea Rejuvenating Day SPF 30 Broad Spectrum UVA UVB with Vibransea Complex,$4.82
704,Adderall,$61.39
705,Coconut,$25.82
706,Oxymorphone hydrochloride,$18.84
707,Myristica Argentum,$35.26
708,Amitriptyline Hydrochloride,$29.44
709,West Sycamore,$98.14
710,FixMySkin Healing Balm Unflavored,$79.73
711,Buenos Dias de Personna,$24.87
712,Levothyroxine sodium,$84.57
713,Fentanyl,$76.95
714,FLAWLESS FINISH PERFECTLY NUDE MAKEUP BROAD SPECTRUM SUNSCREEN SPF 15 SHADE CASHEW,$59.22
715,Daytime Nighttime Cold and Flu Relief,$14.15
716,Immature,$69.96
717,English Walnut,$49.71
718,Hymenoptera Venom Diagnostic,$52.39
719,Fluocinonide,$56.84
720,TOPOTECAN HYDROCHLORIDE,$75.09
721,BACiiM,$85.50
722,Bethanechol Chloride,$57.46
723,MIDAZOLAM HYDROCHLORIDE,$68.76
724,A.H.C. COMPLETE CHOICE Color Change Cream,$28.53
725,Diphenhist,$34.00
726,Health Mart muscle,$98.16
727,Buspirone Hydrochloride,$25.71
728,Chloraseptic Sore Throat Liquid Center,$60.13
729,M-END,$29.88
730,Dandruff,$95.77
731,Superdent,$26.56
732,Montelukast Sodium,$74.64
733,MANGO BUTTER LIPSTICK,$21.69
734,LIFT LUMIERE,$47.10
735,SudoGest,$97.38
736,Bone Repair,$95.19
737,Secret Outlast and Olay,$55.71
738,Metformin Hydrochloride,$82.25
739,ADVANCED FLUORIDE ANTICAVITY,$29.51
740,Perfecting Liquid Foundation Honey Beige,$31.43
741,SPORANOX,$65.55
742,Dextroamphetamine Sulfate,$13.63
743,Long Last Makeup 01,$84.56
744,CVS COLD AND HOT MEDICATED XL,$10.65
745,Neuac,$46.80
746,Multi Vitamin Drops with Fluoride,$26.53
747,Sotalol Hydrochloride,$82.26
748,Hydrocodone Bitartrate and Acetaminophen,$5.06
749,Nivea A Kiss of Flavor Strawberry Tinted Lip Care,$19.00
750,Solution,$65.29
751,Carvedilol,$28.54
752,"Fentanyl Citrate, Bupivacaine HCl",$17.25
753,COPAXONE,$75.94
754,Tremor Plex,$37.59
755,Gentak,$39.51
756,ALOE SUN BB,$19.98
757,CLE DE PEAU BEAUTE FOUNDATION I,$83.65
758,Metformin Hydrochloride,$69.23
759,milk of magnesia,$35.14
760,Proactiv plus Pore Targeting Treatment,$24.27
761,Fluphenazine Hydrochloride,$90.97
762,RITE AID RENEWAL,$99.07
763,String Beans,$5.17
764,ST. IVES,$91.50
765,Hada Labo Tokyo Protecting Day SPF 30,$41.31
766,Hand Kleen Foaming Instant Hand Sanitizer,$43.50
767,BUPROPION HYDROCHLORIDE,$22.94
768,LISINOPRIL,$38.99
769,Cefepime,$96.30
770,Labetalol Hydrochloride,$95.88
771,Amazonian Clay 12-Hour Full Coverage Foundation Broad Spectrum SPF 15 Sunscreen,$28.89
772,Topcare Miconazole 7,$27.69
773,Diphenhydramine HCL,$98.61
774,Russian Thistle Pollen,$78.65
775,Finacea,$84.90
776,Vac-Chord,$3.14
777,Isosorbide,$31.31
778,BRONCOLIN,$27.48
779,Fentanyl,$96.51
780,IPKN ARTISTS TOUCH BB 02 Medium,$47.98
781,hemorrhoid relief,$34.19
782,povidine iodine,$63.76
783,Cefadroxil,$19.41
784,Acetone Isopropyl Alcohol,$39.86
785,SAVELLA,$20.21
786,Amoxicillin and Clavulanate Potassium,$7.34
787,Childrens Ibuprofen,$53.94
788,L OCCITANE Anti-Dandruff Sensitive Scalp,$50.76
789,SENSE Daytime Protective Broad Spectrum SPF 15,$87.01
790,nifedipine,$9.24
791,Arnica Active,$11.65
792,MUCOR PLUMBEUS,$30.33
793,Bystolic,$11.60
794,TOPCARE,$85.30
795,DIGOX,$6.91
796,Alprazolam,$17.16
797,Lombardy Poplar,$40.57
798,HEB,$98.96
799,Liothyronine Sodium,$15.81
800,Prednisone,$64.39
801,Metronidazole,$82.96
802,MUM CHAMOMILE,$66.08
803,Original Redness Reliever,$81.75
804,Kidney Stone Clear,$68.57
805,Cyclobenzaprine Hydrochloride,$55.52
806,"Dust, House Mixture",$70.63
807,Allergena,$89.38
808,Lyrica,$68.79
809,Illusion Tinted Moisturizer Broad Spectrum Honey,$86.65
810,Sinusitis,$93.51
811,Urecholine,$8.37
812,SEVERE HEMORRHOIDS,$77.78
813,Air,$37.71
814,Carbidopa and Levodopa,$34.13
815,ENALAPRIL MALEATE,$38.13
816,4 in 1 Pressed Mineral SPF 15 Blush Medium,$47.94
817,Tolnaftate,$6.83
818,Amlodipine Besylate and Benazepril Hydrochloride,$60.28
819,oxygen,$24.42
820,Divalproex Sodium,$62.09
821,Nystatin,$36.77
822,Ampicillin,$49.35
823,Quality Choice Nighttime Cold and Flu,$7.11
824,NiteTime Sinus,$60.96
825,Meperidine HCl,$35.94
826,"Pollens - Trees, Palo Verde Cercidium floridum",$58.64
827,Levetiracetam,$15.87
828,Methylphenidate Hydrochloride,$31.57
829,Good Neighbor Pharmacy Sinus and Cold D,$73.42
830,Isoniazid,$40.28
831,Rifadin IV,$40.47
832,Ciprofloxacin,$53.50
833,Isopropyl Alcohol Prep Swab,$71.61
834,DIPHENHYDRAMINE HYDROCHLORIDE,$55.40
835,Naproxen Sodium,$25.15
836,Oxygen,$52.82
837,Trazodone Hydrochloride,$29.26
838,NITROUS OXIDE,$10.27
839,LBEL NATURAL FINISH MOISTURIZING FOUNDATION SPF 25,$83.11
840,Erythrocin Stearate,$63.05
841,PERJETA,$56.90
842,Nizatidine,$4.76
843,"Pollens - Weeds and Garden Plants, Sorrel, Sheep Rumex acetosella",$92.46
844,Arex Sinsin Pas,$47.00
845,Benazepril Hydrochloride,$62.56
846,Lipitor,$89.89
847,Carbamazepine,$26.01
848,smart sense omeprazole,$43.67
849,Ignatia Bryophyllum,$57.43
850,Proactiv Sheer Tint Moisture,$68.86
851,Mexiletine Hydrochloride,$72.62
852,Vitamin A D,$51.98
853,ALOE SUN BB,$72.08
854,Phenobarbital,$6.97
855,Sciatic Nerve Formula,$71.13
856,Opana,$36.52
857,Nifedipine,$81.99
858,Inflammation Therapy,$62.17
859,povidine iodine,$34.71
860,Niaspan,$88.26
861,PANTOPRAZOLE SODIUM,$18.09
862,JANUVIA,$32.03
863,Cichorium Stibium,$44.33
864,Claris,$40.01
865,Silicea Kit Refill,$28.48
866,Cimetidine,$99.21
867,Tropicamide,$11.36
868,Buxom Show Some Skin Weightless Foundation Broad Spectrum SPF 30,$98.21
869,Pancreas Meteoric Iron,$74.71
870,Berberis Urtica,$50.54
871,Buspirone HCl,$84.14
872,Up and Up anti itch,$64.41
873,Hydrochlorothiazide,$88.34
874,Nortriptyline Hydrochloride,$28.21
875,Standardized Bermuda Grass Pollen,$72.00
876,Hydralazine Hydrochloride,$97.78
877,Menstrual Relief,$39.80
878,Meaningful Beauty Cindy Crawford Maintenance 1,$50.23
879,Dopamine Hydrochloride,$85.34
880,Doxazosin,$94.02
881,Red Snapper,$56.95
882,Mucus Relief Plus,$96.39
883,good sense pain reliefchildrens,$20.50
884,daunorubicin hydrochloride,$39.72
885,Pramipexole Dihydrochloride,$47.59
886,Diprivan,$81.44
887,Fluorouracil,$16.01
888,Prednisone,$69.85
889,Immuno Compound Homeopathic Tonic,$61.77
890,Secale Argentum Special Order,$35.24
891,Glyburide,$29.02
892,Levofloxacin,$55.10
893,DIVALPROEX SODIUM,$16.68
894,Promethazine Hydrochloride,$89.33
895,ALTABAX,$87.30
896,SULFACETAMIDE SODIUM,$31.36
897,Permethrin,$45.40
898,Low Sugar Cherry Flavor Fishermans Friend Menthol Cough Suppressant,$91.91
899,OXYGEN,$59.07
900,Ketorolac Tromethamine,$66.60
901,Desipramine Hydrochloride,$13.94
902,LMX4,$68.98
903,equaline daytime and nighttime cold and flu relief,$5.78
904,lice kit,$73.13
905,Amiodarone Hydrochloride,$12.75
906,topcare severe sinus congestion,$52.43
907,"Pollens - Trees, Tree Mix 11",$20.22
908,Male Balance,$86.07
909,Cardioplegic,$80.29
910,Amitriptyline Hydrochloride,$25.87
911,SHISEIDO THE MAKEUP FOUNDATION,$4.93
912,ciprofloxacin,$77.49
913,Quetiapine Fumarate,$70.06
914,Walgreens Scooby Doo Fluoride Gel Toothpaste,$37.88
915,GABAPENTIN,$40.82
916,CYZONE,$42.39
917,Ketoconazole,$81.22
918,No7 Stay Perfect Foundation Sunscreen SPF 15 Suede,$22.58
919,Western Wheatgrass,$66.32
920,OHUI White Extreme Illuminating Pact No.10,$89.58
921,Gemfibrozil,$26.34
922,Wal itin D,$71.00
923,Lipitor,$50.44
924,Amitriptyline Hydrochloride,$14.24
925,smart sense ibuprofen,$44.75
926,TOPIRAMATE,$82.30
927,Vectibix,$84.74
928,Aspiera Anti-Fungal,$39.66
929,Terrestristat,$17.03
930,Pravastatin Sodium,$23.64
931,Cutis Compositum,$25.51
932,Crest 3D White,$66.56
933,Haloperidol,$41.91
934,CEIBA PENTANDRA FIBER,$24.28
935,Listerine Fluoride Defense,$68.85
936,IRINOTECAN HYDROCHLORIDE,$78.69
937,Furosemide,$32.80
938,Solu-Medrol,$38.03
939,Visipaque,$51.26
940,Simvastatin,$79.24
941,"Rugby Nicotine Polacrilex Gum, Mint Flavor",$83.84
942,Cultivated Oat,$64.74
943,OXYGEN,$37.99
944,MINOXIDIL,$49.51
945,Derma Numb,$20.31
946,Sunmark Pain Reliever,$77.37
947,GABAPENTIN,$95.76
948,Refresh Sanitizing Towlette,$92.65
949,Pegasys,$35.43
950,PRO-LONGWEAR,$4.78
951,Oxygen,$96.80
952,Lamotrigine,$44.61
953,Neutrogena Oil Free Acne Stress Control Triple Action Toner,$48.88
954,TYLO,$13.69
955,NADH Plus,$48.48
956,Amrix,$5.64
957,Dexamethasone Sodium Phosphate,$91.34
958,Salicylic Acid,$33.11
959,Pro-Tect SPF 30 Sunscreen,$15.98
960,care one all day pain relief,$54.79
961,Acetaminophen and Codeine,$41.70
962,Fluconazole,$51.40
963,tizanidine hydrochloride,$70.44
964,Shrimp,$76.82
965,SHISEIDO THE MAKEUP FOUNDATION,$97.08
966,Treatment Set TS347627,$3.06
967,Ampicillin and Sulbactam,$76.17
968,Denti-Care,$56.98
969,CLINIMIX E,$22.71
970,Betamethasone Dipropionate,$95.09
971,DT ANTIBACTERIAL HAND,$74.47
972,Pleo Cal,$36.19
973,Doxazosin,$60.06
974,Mirapex,$59.77
975,Midazolam Hydrochloride,$87.19
976,Estradiol,$68.70
977,MORPHINE SULFATE,$41.75
978,White Oak,$26.33
979,Motion-Time,$15.25
980,LANEIGE BB Cushion Dark,$72.35
981,Phentermine Hydrochloride,$95.74
982,ENALAPRIL MALEATE,$30.43
983,Pravastatin Sodium,$38.01
984,Mygale Agaricus,$42.57
985,No7 Lifting and Firming Foundation Sunscreen SPF 15 Vanilla,$36.46
986,ciprofloxacin,$22.28
987,Hydrocortisone,$95.13
988,Dexmethylphenidate Hydrochloride,$56.91
989,Traumeel X Value Pack,$44.11
990,Olanzapine,$75.42
991,KOCHIA SCOPARIA POLLEN,$16.48
992,Xylocaine,$87.45
993,Junel 1.5/30,$28.08
994,Diphenhydramine Hydrochloride,$5.04
995,LISINOPRIL,$82.67
996,Ear,$22.82
997,ARC 42 Essential First Aid Items,$86.53
998,DawnMist Fluoride,$34.04
999,TapouT,$15.36
1000,ZOOBY,$37.65
